Payment Date,Name,Monthly Cost,Contract Length (months),Start Date
11/19/2018,Sophie,30,12,11/19/2018
10/17/2018,Andy,45,12,10/17/2018
02/22/2019,Jonathan,15,6,02/22/2019
12/13/2018,Carl,20,24,12/13/2018
12/19/2018,Sophie,30,12,11/19/2018
11/17/2018,Andy,45,12,10/17/2018
03/22/2019,Jonathan,15,6,02/22/2019
01/13/2019,Carl,20,24,12/13/2018
01/19/2019,Sophie,30,12,11/19/2018
12/17/2018,Andy,45,12,10/17/2018
04/22/2019,Jonathan,15,6,02/22/2019
02/13/2019,Carl,20,24,12/13/2018
02/19/2019,Sophie,30,12,11/19/2018
01/17/2019,Andy,45,12,10/17/2018
05/22/2019,Jonathan,15,6,02/22/2019
03/13/2019,Carl,20,24,12/13/2018
03/19/2019,Sophie,30,12,11/19/2018
02/17/2019,Andy,45,12,10/17/2018
06/22/2019,Jonathan,15,6,02/22/2019
04/13/2019,Carl,20,24,12/13/2018
04/19/2019,Sophie,30,12,11/19/2018
03/17/2019,Andy,45,12,10/17/2018
07/22/2019,Jonathan,15,6,02/22/2019
05/13/2019,Carl,20,24,12/13/2018
05/19/2019,Sophie,30,12,11/19/2018
04/17/2019,Andy,45,12,10/17/2018
06/13/2019,Carl,20,24,12/13/2018
06/19/2019,Sophie,30,12,11/19/2018
05/17/2019,Andy,45,12,10/17/2018
07/13/2019,Carl,20,24,12/13/2018
07/19/2019,Sophie,30,12,11/19/2018
06/17/2019,Andy,45,12,10/17/2018
08/13/2019,Carl,20,24,12/13/2018
08/19/2019,Sophie,30,12,11/19/2018
07/17/2019,Andy,45,12,10/17/2018
09/13/2019,Carl,20,24,12/13/2018
09/19/2019,Sophie,30,12,11/19/2018
08/17/2019,Andy,45,12,10/17/2018
10/13/2019,Carl,20,24,12/13/2018
10/19/2019,Sophie,30,12,11/19/2018
09/17/2019,Andy,45,12,10/17/2018
11/13/2019,Carl,20,24,12/13/2018
12/13/2019,Carl,20,24,12/13/2018
01/13/2020,Carl,20,24,12/13/2018
02/13/2020,Carl,20,24,12/13/2018
03/13/2020,Carl,20,24,12/13/2018
04/13/2020,Carl,20,24,12/13/2018
05/13/2020,Carl,20,24,12/13/2018
06/13/2020,Carl,20,24,12/13/2018
07/13/2020,Carl,20,24,12/13/2018
08/13/2020,Carl,20,24,12/13/2018
09/13/2020,Carl,20,24,12/13/2018
10/13/2020,Carl,20,24,12/13/2018
11/13/2020,Carl,20,24,12/13/2018
